<?xml version="1.0" encoding="UTF-8"?>
<project xmlns="http://maven.apache.org/POM/4.0.0" xmlns:xsi="http://www.w3.org/2001/XMLSchema-instance" xsi:schemaLocation="http://maven.apache.org/POM/4.0.0 http://maven.apache.org/maven-v4_0_0.xsd">
  <modelVersion>4.0.0</modelVersion>
  <groupId>org.example</groupId>
  <artifactId>TwitchStreaming</artifactId>
  <version>1.0-SNAPSHOT</version>
  <build>
    <plugins>
      <plugin>
        <artifactId>maven-shade-plugin</artifactId>
        <version>3.2.4</version>
        <executions>
          <execution>
            <phase>package</phase>
            <goals>
              <goal>shade</goal>
            </goals>
          </execution>
        </executions>
      </plugin>
    </plugins>
  </build>
  <repositories>
    <repository>
      <id>papermc</id>
      <url>https://papermc.io/repo/repository/maven-public/</url>
    </repository>
  </repositories>
  <dependencies>
    <dependency>
      <groupId>io.papermc.paper</groupId>
      <artifactId>paper-api</artifactId>
      <version>1.20.6-R0.1-SNAPSHOT</version>
      <scope>provided</scope>
    </dependency>
  </dependencies>
  <properties>
    <maven.compiler.target>20</maven.compiler.target>
    <maven.compiler.source>20</maven.compiler.source>
    <project.build.sourceEncoding>UTF-8</project.build.sourceEncoding>
  </properties>
</project>
